,t-statistic,p-value
jeune,-0.45538255553918716,0.6585615515000807
Ages,-2.7214655063020765,0.012462748068980675
Ages en restriction calorique,11.619539518850864,7.362192878495803e-11
ages en High fat diet,-7.7802271110207375,9.344528064470306e-08
